Function,Relative Time
baseline,0
plus,0.289739
minus,0.0462787
mult,0.228971
div,-0.214085
sqrt,-0.568575
log,33.768
exp,1.91743
tanh,19.6083
tans,-0.591969
