Function,Relative Time
baseline,0.5
plus,3.50527
minus,3.77195
mult,4.23067
div,3.64045
sqrt,3.51959
log,38.0865
exp,6.49591
elu,4.50392
relu,4.48856
leaky_relu,3.61528
sigmoid,7.11143
soft,3.86578
tanh,23.1594
tanf,3.09852
