Function,Relative Time
baseline,0
plus,6.11273
minus,8.92881
mult,5.27443
div,4.55441
sqrt,4.13195
log,75.7451
exp,35.6871
tanh,89.0548
tans,13.7992
